"path","bytes","lines","category","manual_review"
"AGENTS.md","661","22","documentation-or-build-contract","inventory; see audit report for critical-path coverage"
"cmd/swypik-os/main_windows_test.go","5058","186","implementation-or-tests","inventory; see audit report for critical-path coverage"
"cmd/swypik-os/main_windows.go","9550","275","implementation-or-tests","inventory; see audit report for critical-path coverage"
"cmd/swypik-os/winres/winres.json","1311","52","implementation-or-tests","inventory; see audit report for critical-path coverage"
"cmd/swypik-session/main_linux.go","738","33","implementation-or-tests","inventory; see audit report for critical-path coverage"
"cmd/swypikd/main_linux.go","3446","112","implementation-or-tests","inventory; see audit report for critical-path coverage"
"config/config_test.go","3590","139","implementation-or-tests","inventory; see audit report for critical-path coverage"
"config/config.go","4483","172","implementation-or-tests","inventory; see audit report for critical-path coverage"
"config/regression_test.go","706","29","implementation-or-tests","inventory; see audit report for critical-path coverage"
"config/settings_test.go","1735","59","implementation-or-tests","inventory; see audit report for critical-path coverage"
"config/settings.go","4318","133","implementation-or-tests","inventory; see audit report for critical-path coverage"
"core/actiongraph/graph_test.go","3595","126","implementation-or-tests","inventory; see audit report for critical-path coverage"
"core/actiongraph/graph.go","9451","336","implementation-or-tests","inventory; see audit report for critical-path coverage"
"core/agent/hardening_test.go","6380","198","implementation-or-tests","inventory; see audit report for critical-path coverage"
"core/agent/planner.go","6281","204","implementation-or-tests","inventory; see audit report for critical-path coverage"
"core/agent/process_run_windows_test.go","1334","38","implementation-or-tests","inventory; see audit report for critical-path coverage"
"core/agent/recovery_test.go","8924","305","implementation-or-tests","inventory; see audit report for critical-path coverage"
"core/agent/runtime_test.go","8743","281","implementation-or-tests","inventory; see audit report for critical-path coverage"
"core/agent/runtime.go","22624","738","implementation-or-tests","inventory; see audit report for critical-path coverage"
"core/agent/store_linux_test.go","6084","230","implementation-or-tests","inventory; see audit report for critical-path coverage"
"core/agent/store_linux.go","5544","205","implementation-or-tests","inventory; see audit report for critical-path coverage"
"core/agent/store_other.go","364","12","implementation-or-tests","inventory; see audit report for critical-path coverage"
"core/agent/store_windows_test.go","1681","64","implementation-or-tests","inventory; see audit report for critical-path coverage"
"core/agent/store_windows.go","5002","192","implementation-or-tests","inventory; see audit report for critical-path coverage"
"core/agent/tools.go","3735","112","implementation-or-tests","inventory; see audit report for critical-path coverage"
"core/agent/workspace_tools_test.go","6559","184","implementation-or-tests","inventory; see audit report for critical-path coverage"
"core/agent/workspace_tools.go","14436","426","implementation-or-tests","inventory; see audit report for critical-path coverage"
"core/appstore/appstore_test.go","1136","37","implementation-or-tests","inventory; see audit report for critical-path coverage"
"core/appstore/appstore.go","4797","178","implementation-or-tests","inventory; see audit report for critical-path coverage"
"core/audio/audio_test.go","2794","116","implementation-or-tests","inventory; see audit report for critical-path coverage"
"core/audio/audio.go","4837","185","implementation-or-tests","inventory; see audit report for critical-path coverage"
"core/audio/regression_test.go","824","39","implementation-or-tests","inventory; see audit report for critical-path coverage"
"core/autogenesis/autogenesis_test.go","4552","133","implementation-or-tests","inventory; see audit report for critical-path coverage"
"core/autogenesis/autogenesis.go","8570","243","implementation-or-tests","inventory; see audit report for critical-path coverage"
"core/azure/azure_test.go","5608","158","implementation-or-tests","inventory; see audit report for critical-path coverage"
"core/azure/coordinator.go","8749","299","implementation-or-tests","inventory; see audit report for critical-path coverage"
"core/azure/schema.go","5821","138","implementation-or-tests","inventory; see audit report for critical-path coverage"
"core/bci/bci_test.go","1965","78","implementation-or-tests","inventory; see audit report for critical-path coverage"
"core/bci/bci.go","5820","218","implementation-or-tests","inventory; see audit report for critical-path coverage"
"core/boot/installer_test.go","389","13","implementation-or-tests","inventory; see audit report for critical-path coverage"
"core/boot/installer.go","1352","44","implementation-or-tests","inventory; see audit report for critical-path coverage"
"core/bridge/clipboard_other.go","260","15","implementation-or-tests","inventory; see audit report for critical-path coverage"
"core/bridge/clipboard_windows.go","2680","112","implementation-or-tests","inventory; see audit report for critical-path coverage"
"core/bridge/device_test.go","1167","42","implementation-or-tests","inventory; see audit report for critical-path coverage"
"core/bridge/device.go","4341","150","implementation-or-tests","inventory; see audit report for critical-path coverage"
"core/cbf/audit_regression_test.go","1607","40","implementation-or-tests","inventory; see audit report for critical-path coverage"
"core/cbf/cbf_test.go","2909","89","implementation-or-tests","inventory; see audit report for critical-path coverage"
"core/cbf/cbf.go","8644","255","implementation-or-tests","inventory; see audit report for critical-path coverage"
"core/chameleon/chameleon_test.go","2918","88","implementation-or-tests","inventory; see audit report for critical-path coverage"
"core/chameleon/chameleon.go","8565","278","implementation-or-tests","inventory; see audit report for critical-path coverage"
"core/coder/coder_test.go","2198","73","implementation-or-tests","inventory; see audit report for critical-path coverage"
"core/coder/coder.go","1141","34","implementation-or-tests","inventory; see audit report for critical-path coverage"
"core/coder/fuzz_test.go","560","24","implementation-or-tests","inventory; see audit report for critical-path coverage"
"core/coder/output_test.go","223","13","implementation-or-tests","inventory; see audit report for critical-path coverage"
"core/coder/output.go","750","32","implementation-or-tests","inventory; see audit report for critical-path coverage"
"core/coder/shell_other.go","300","17","implementation-or-tests","inventory; see audit report for critical-path coverage"
"core/coder/shell_windows_test.go","6209","209","implementation-or-tests","inventory; see audit report for critical-path coverage"
"core/coder/shell_windows.go","9002","270","implementation-or-tests","inventory; see audit report for critical-path coverage"
"core/compute/compute_test.go","862","31","implementation-or-tests","inventory; see audit report for critical-path coverage"
"core/compute/compute.go","3417","102","implementation-or-tests","inventory; see audit report for critical-path coverage"
"core/compute/hide_other.go","86","8","implementation-or-tests","inventory; see audit report for critical-path coverage"
"core/compute/hide_windows.go","285","14","implementation-or-tests","inventory; see audit report for critical-path coverage"
"core/controlkernel/event_store_test.go","6490","259","implementation-or-tests","inventory; see audit report for critical-path coverage"
"core/controlkernel/event_store.go","12574","438","implementation-or-tests","inventory; see audit report for critical-path coverage"
"core/controlkernel/k1_regression_test.go","2060","55","implementation-or-tests","inventory; see audit report for critical-path coverage"
"core/controlkernel/kernel_test.go","16039","461","implementation-or-tests","inventory; see audit report for critical-path coverage"
"core/controlkernel/kernel.go","43014","1313","implementation-or-tests","inventory; see audit report for critical-path coverage"
"core/controlkernel/lock_unix.go","429","22","implementation-or-tests","inventory; see audit report for critical-path coverage"
"core/controlkernel/lock_windows.go","687","30","implementation-or-tests","inventory; see audit report for critical-path coverage"
"core/controlkernel/model.go","7199","182","implementation-or-tests","inventory; see audit report for critical-path coverage"
"core/controlkernel/projection.go","14428","439","implementation-or-tests","inventory; see audit report for critical-path coverage"
"core/controlkernel/repair_test.go","18311","465","implementation-or-tests","inventory; see audit report for critical-path coverage"
"core/controlkernel/resource_state_test.go","4881","133","implementation-or-tests","inventory; see audit report for critical-path coverage"
"core/controlkernel/resource_state.go","3969","113","implementation-or-tests","inventory; see audit report for critical-path coverage"
"core/controlkernel/resource_transition.go","1473","39","implementation-or-tests","inventory; see audit report for critical-path coverage"
"core/controlkernel/state.go","3232","129","implementation-or-tests","inventory; see audit report for critical-path coverage"
"core/controlkernel/verifier.go","1182","33","implementation-or-tests","inventory; see audit report for critical-path coverage"
"core/cyber/cyber_test.go","6958","219","implementation-or-tests","inventory; see audit report for critical-path coverage"
"core/cyber/cyber.go","17568","513","implementation-or-tests","inventory; see audit report for critical-path coverage"
"core/cyber/resource_test.go","426","20","implementation-or-tests","inventory; see audit report for critical-path coverage"
"core/devicesynth/abi.go","17974","478","implementation-or-tests","inventory; see audit report for critical-path coverage"
"core/devicesynth/attestation.go","3101","82","implementation-or-tests","inventory; see audit report for critical-path coverage"
"core/devicesynth/devicesynth_test.go","34469","824","implementation-or-tests","inventory; see audit report for critical-path coverage"
"core/devicesynth/driver_image.go","5434","131","implementation-or-tests","inventory; see audit report for critical-path coverage"
"core/devicesynth/journal.go","14597","383","implementation-or-tests","inventory; see audit report for critical-path coverage"
"core/devicesynth/types.go","15360","500","implementation-or-tests","inventory; see audit report for critical-path coverage"
"core/devicesynth/verifier.go","16839","457","implementation-or-tests","inventory; see audit report for critical-path coverage"
"core/docs/docs_test.go","1479","60","implementation-or-tests","inventory; see audit report for critical-path coverage"
"core/docs/docs.go","2667","111","implementation-or-tests","inventory; see audit report for critical-path coverage"
"core/evidence/evidence_test.go","328","15","implementation-or-tests","inventory; see audit report for critical-path coverage"
"core/evidence/evidence.go","1082","28","implementation-or-tests","inventory; see audit report for critical-path coverage"
"core/evolution/evolution_test.go","1978","68","implementation-or-tests","inventory; see audit report for critical-path coverage"
"core/evolution/evolution.go","7224","287","implementation-or-tests","inventory; see audit report for critical-path coverage"
"core/federated/diloco.go","6676","213","implementation-or-tests","inventory; see audit report for critical-path coverage"
"core/federated/distro.go","3372","125","implementation-or-tests","inventory; see audit report for critical-path coverage"
"core/federated/exo.go","3005","115","implementation-or-tests","inventory; see audit report for critical-path coverage"
"core/federated/federated_test.go","9375","279","implementation-or-tests","inventory; see audit report for critical-path coverage"
"core/federated/federated.go","15592","490","implementation-or-tests","inventory; see audit report for critical-path coverage"
"core/federated/gradient_test.go","811","29","implementation-or-tests","inventory; see audit report for critical-path coverage"
"core/federated/k3_k4_regression_test.go","7327","242","implementation-or-tests","inventory; see audit report for critical-path coverage"
"core/federated/krum.go","3563","145","implementation-or-tests","inventory; see audit report for critical-path coverage"
"core/federated/regression_test.go","1494","54","implementation-or-tests","inventory; see audit report for critical-path coverage"
"core/federated/resource_test.go","2711","91","implementation-or-tests","inventory; see audit report for critical-path coverage"
"core/federated/transport.go","5312","188","implementation-or-tests","inventory; see audit report for critical-path coverage"
"core/hal/cuda_driver_other.go","1329","44","implementation-or-tests","inventory; see audit report for critical-path coverage"
"core/hal/cuda_driver_test.go","1594","62","implementation-or-tests","inventory; see audit report for critical-path coverage"
"core/hal/cuda_driver_windows.go","7721","268","implementation-or-tests","inventory; see audit report for critical-path coverage"
"core/hal/discovery.go","3740","109","implementation-or-tests","inventory; see audit report for critical-path coverage"
"core/hal/hal_test.go","2152","79","implementation-or-tests","inventory; see audit report for critical-path coverage"
"core/hal/hal.go","7217","242","implementation-or-tests","inventory; see audit report for critical-path coverage"
"core/hal/serial_test.go","1067","42","implementation-or-tests","inventory; see audit report for critical-path coverage"
"core/hal/simulation.go","2027","37","implementation-or-tests","inventory; see audit report for critical-path coverage"
"core/hive/hive_test.go","2578","84","implementation-or-tests","inventory; see audit report for critical-path coverage"
"core/hive/hive.go","6364","209","implementation-or-tests","inventory; see audit report for critical-path coverage"
"core/hive/resource_test.go","1769","66","implementation-or-tests","inventory; see audit report for critical-path coverage"
"core/ilaria/backend_cloud_test.go","2194","70","implementation-or-tests","inventory; see audit report for critical-path coverage"
"core/ilaria/backend_live_test.go","761","28","implementation-or-tests","inventory; see audit report for critical-path coverage"
"core/ilaria/backend_test.go","2071","73","implementation-or-tests","inventory; see audit report for critical-path coverage"
"core/ilaria/backend.go","4917","167","implementation-or-tests","inventory; see audit report for critical-path coverage"
"core/ilaria/concurrency_test.go","1987","69","implementation-or-tests","inventory; see audit report for critical-path coverage"
"core/ilaria/ilaria_test.go","1707","63","implementation-or-tests","inventory; see audit report for critical-path coverage"
"core/ilaria/ilaria.go","3784","132","implementation-or-tests","inventory; see audit report for critical-path coverage"
"core/ilaria/protocol_test.go","2383","71","implementation-or-tests","inventory; see audit report for critical-path coverage"
"core/l402/k2_regression_test.go","2097","60","implementation-or-tests","inventory; see audit report for critical-path coverage"
"core/l402/l402_test.go","2204","65","implementation-or-tests","inventory; see audit report for critical-path coverage"
"core/l402/l402.go","8743","286","implementation-or-tests","inventory; see audit report for critical-path coverage"
"core/l402/regression_test.go","1089","45","implementation-or-tests","inventory; see audit report for critical-path coverage"
"core/network/status_test.go","1351","38","implementation-or-tests","inventory; see audit report for critical-path coverage"
"core/network/status.go","2307","72","implementation-or-tests","inventory; see audit report for critical-path coverage"
"core/neuromorphic/adapter_test.go","2593","75","implementation-or-tests","inventory; see audit report for critical-path coverage"
"core/neuromorphic/adapter.go","6720","243","implementation-or-tests","inventory; see audit report for critical-path coverage"
"core/notifications/broker_test.go","1312","52","implementation-or-tests","inventory; see audit report for critical-path coverage"
"core/notifications/broker.go","4840","166","implementation-or-tests","inventory; see audit report for critical-path coverage"
"core/proactive/engine_test.go","492","23","implementation-or-tests","inventory; see audit report for critical-path coverage"
"core/proactive/engine.go","2633","87","implementation-or-tests","inventory; see audit report for critical-path coverage"
"core/resource/adaptive_test.go","6111","154","implementation-or-tests","inventory; see audit report for critical-path coverage"
"core/resource/adaptive.go","8503","252","implementation-or-tests","inventory; see audit report for critical-path coverage"
"core/resource/governor_test.go","4583","159","implementation-or-tests","inventory; see audit report for critical-path coverage"
"core/resource/governor.go","7456","290","implementation-or-tests","inventory; see audit report for critical-path coverage"
"core/resource/policy_test.go","5799","156","implementation-or-tests","inventory; see audit report for critical-path coverage"
"core/resource/policy.go","9350","261","implementation-or-tests","inventory; see audit report for critical-path coverage"
"core/resource/system_signals_linux.go","2886","120","implementation-or-tests","inventory; see audit report for critical-path coverage"
"core/resource/system_signals_other.go","366","14","implementation-or-tests","inventory; see audit report for critical-path coverage"
"core/resource/system_signals_windows.go","3141","110","implementation-or-tests","inventory; see audit report for critical-path coverage"
"core/search/analyze.go","1994","85","implementation-or-tests","inventory; see audit report for critical-path coverage"
"core/search/audit_regression_test.go","2836","90","implementation-or-tests","inventory; see audit report for critical-path coverage"
"core/search/crawl.go","12362","437","implementation-or-tests","inventory; see audit report for critical-path coverage"
"core/search/extract.go","4484","177","implementation-or-tests","inventory; see audit report for critical-path coverage"
"core/search/local.go","6343","225","implementation-or-tests","inventory; see audit report for critical-path coverage"
"core/search/search_test.go","16143","474","implementation-or-tests","inventory; see audit report for critical-path coverage"
"core/search/search.go","17986","705","implementation-or-tests","inventory; see audit report for critical-path coverage"
"core/security/guard_other.go","91","8","implementation-or-tests","inventory; see audit report for critical-path coverage"
"core/security/guard_test.go","861","32","implementation-or-tests","inventory; see audit report for critical-path coverage"
"core/security/guard_windows.go","928","37","implementation-or-tests","inventory; see audit report for critical-path coverage"
"core/security/guard.go","1743","77","implementation-or-tests","inventory; see audit report for critical-path coverage"
"core/service/resource_test.go","506","26","implementation-or-tests","inventory; see audit report for critical-path coverage"
"core/service/service_test.go","1531","49","implementation-or-tests","inventory; see audit report for critical-path coverage"
"core/service/service.go","5663","226","implementation-or-tests","inventory; see audit report for critical-path coverage"
"core/session/framebuffer_linux.go","3433","92","implementation-or-tests","inventory; see audit report for critical-path coverage"
"core/session/render.go","3510","70","implementation-or-tests","inventory; see audit report for critical-path coverage"
"core/session/session_linux.go","11743","433","implementation-or-tests","inventory; see audit report for critical-path coverage"
"core/session/session_test.go","559","23","implementation-or-tests","inventory; see audit report for critical-path coverage"
"core/sheets/formulas.go","2524","111","implementation-or-tests","inventory; see audit report for critical-path coverage"
"core/sheets/regression_test.go","681","26","implementation-or-tests","inventory; see audit report for critical-path coverage"
"core/sheets/sheets_test.go","746","30","implementation-or-tests","inventory; see audit report for critical-path coverage"
"core/sheets/sheets.go","3097","120","implementation-or-tests","inventory; see audit report for critical-path coverage"
"core/swarm/swarm_test.go","5960","203","implementation-or-tests","inventory; see audit report for critical-path coverage"
"core/swarm/swarm.go","11406","412","implementation-or-tests","inventory; see audit report for critical-path coverage"
"core/wallet/regression_test.go","1015","44","implementation-or-tests","inventory; see audit report for critical-path coverage"
"core/wallet/wallet_test.go","2065","83","implementation-or-tests","inventory; see audit report for critical-path coverage"
"core/wallet/wallet.go","6671","249","implementation-or-tests","inventory; see audit report for critical-path coverage"
"core/worldmodel/audit_regression_test.go","1906","57","implementation-or-tests","inventory; see audit report for critical-path coverage"
"core/worldmodel/worldmodel_test.go","2030","67","implementation-or-tests","inventory; see audit report for critical-path coverage"
"core/worldmodel/worldmodel.go","6519","200","implementation-or-tests","inventory; see audit report for critical-path coverage"
"docs/ADR_CONTROL_KERNEL_EVENT_STORE.md","7287","143","documentation-or-build-contract","inventory; see audit report for critical-path coverage"
"docs/AGENTIC_CAPABILITIES.md","12989","168","documentation-or-build-contract","inventory; see audit report for critical-path coverage"
"docs/audit/2026-09-30.md","8687","113","documentation-or-build-contract","inventory; see audit report for critical-path coverage"
"docs/AZURE_PLAN.md","3813","65","documentation-or-build-contract","inventory; see audit report for critical-path coverage"
"docs/BACKEND_STABILITY.md","2341","26","documentation-or-build-contract","inventory; see audit report for critical-path coverage"
"docs/ci-archive/native-windows.yml","1920","54","documentation-or-build-contract","inventory; see audit report for critical-path coverage"
"docs/ci-archive/README.md","718","13","documentation-or-build-contract","inventory; see audit report for critical-path coverage"
"docs/ci-archive/verify.yml","2392","67","documentation-or-build-contract","inventory; see audit report for critical-path coverage"
"docs/CODE_AUDIT.md","5038","47","documentation-or-build-contract","inventory; see audit report for critical-path coverage"
"docs/COMMAND_LIFECYCLE.md","3749","40","documentation-or-build-contract","inventory; see audit report for critical-path coverage"
"docs/DESKTOP_ECOSYSTEM.md","7240","65","documentation-or-build-contract","inventory; see audit report for critical-path coverage"
"docs/DRIVER_SYNTHESIS_SECURITY.md","5282","102","documentation-or-build-contract","inventory; see audit report for critical-path coverage"
"docs/FOLDER_CLEANUP.md","1571","18","documentation-or-build-contract","inventory; see audit report for critical-path coverage"
"docs/ILARIA_COMPUTE.md","4824","96","documentation-or-build-contract","inventory; see audit report for critical-path coverage"
"docs/ILARIA_CONTRACT.md","1494","26","documentation-or-build-contract","inventory; see audit report for critical-path coverage"
"docs/ILARIA_INTEGRATION.md","3292","74","documentation-or-build-contract","inventory; see audit report for critical-path coverage"
"docs/NATIVE_AUDIT.md","3733","59","documentation-or-build-contract","inventory; see audit report for critical-path coverage"
"docs/NATIVE_OS.md","6204","118","documentation-or-build-contract","inventory; see audit report for critical-path coverage"
"docs/OS_PARITY.md","24584","175","documentation-or-build-contract","inventory; see audit report for critical-path coverage"
"docs/OS_PLAN.md","4694","66","documentation-or-build-contract","inventory; see audit report for critical-path coverage"
"docs/OWN_SEARCH.md","3090","56","documentation-or-build-contract","inventory; see audit report for critical-path coverage"
"docs/RESOURCE_BUDGETS.md","9263","114","documentation-or-build-contract","inventory; see audit report for critical-path coverage"
"docs/TECHNOLOGY_DECISIONS.md","3501","26","documentation-or-build-contract","inventory; see audit report for critical-path coverage"
"docs/TEST_REPORT_2026-09-27.md","2378","41","documentation-or-build-contract","inventory; see audit report for critical-path coverage"
"docs/TESTING.md","2172","36","documentation-or-build-contract","inventory; see audit report for critical-path coverage"
"docs/UNIVERSAL_NATIVE.md","11838","323","documentation-or-build-contract","inventory; see audit report for critical-path coverage"
"docs/WINDOWS_DESKTOP.md","8380","148","documentation-or-build-contract","inventory; see audit report for critical-path coverage"
"generated/computefabric/types_gen.go","1781","39","documentation-or-build-contract","inventory; see audit report for critical-path coverage"
"generated/controlkernel/types_gen.go","2996","60","documentation-or-build-contract","inventory; see audit report for critical-path coverage"
"go.mod","94","9","documentation-or-build-contract","inventory; see audit report for critical-path coverage"
"go.sum","312","5","documentation-or-build-contract","inventory; see audit report for critical-path coverage"
"installer/universal/adaptation_test.go","22129","518","implementation-or-tests","inventory; see audit report for critical-path coverage"
"installer/universal/adaptation.go","28997","641","implementation-or-tests","inventory; see audit report for critical-path coverage"
"installer/universal/engine_safety_test.go","878","27","implementation-or-tests","inventory; see audit report for critical-path coverage"
"installer/universal/engine_test.go","7978","209","implementation-or-tests","inventory; see audit report for critical-path coverage"
"installer/universal/engine.go","13858","384","implementation-or-tests","inventory; see audit report for critical-path coverage"
"installer/universal/hardware_manifest.go","5808","211","implementation-or-tests","inventory; see audit report for critical-path coverage"
"installer/windows/installer_windows_test.go","931","35","implementation-or-tests","inventory; see audit report for critical-path coverage"
"installer/windows/installer_windows.go","3080","97","implementation-or-tests","inventory; see audit report for critical-path coverage"
"internal/safepath/path_test.go","1601","60","implementation-or-tests","inventory; see audit report for critical-path coverage"
"internal/safepath/path.go","1582","51","implementation-or-tests","inventory; see audit report for critical-path coverage"
"internal/storage/file_test.go","570","26","implementation-or-tests","inventory; see audit report for critical-path coverage"
"internal/storage/file.go","670","35","implementation-or-tests","inventory; see audit report for critical-path coverage"
"kernel/ADR-OS-BASE-001.md","2970","40","implementation-or-tests","inventory; see audit report for critical-path coverage"
"kernel/bench/benchmark_harness.c","1865","56","implementation-or-tests","inventory; see audit report for critical-path coverage"
"kernel/bench/benchmark-schema-v1.json","870","28","implementation-or-tests","inventory; see audit report for critical-path coverage"
"kernel/bench/README.md","642","9","implementation-or-tests","inventory; see audit report for critical-path coverage"
"kernel/build-portable.ps1","10423","274","implementation-or-tests","inventory; see audit report for critical-path coverage"
"kernel/build-zig-efi.ps1","1310","43","implementation-or-tests","inventory; see audit report for critical-path coverage"
"kernel/build.ps1","8314","214","implementation-or-tests","inventory; see audit report for critical-path coverage"
"kernel/DRIVER_DOMAIN.md","9305","141","implementation-or-tests","inventory; see audit report for critical-path coverage"
"kernel/include/swypik/arch/arm64/context.h","410","17","implementation-or-tests","inventory; see audit report for critical-path coverage"
"kernel/include/swypik/arch/riscv64/context.h","406","16","implementation-or-tests","inventory; see audit report for critical-path coverage"
"kernel/include/swypik/arch/x86_64/address_space.h","2012","43","implementation-or-tests","inventory; see audit report for critical-path coverage"
"kernel/include/swypik/arch/x86_64/apic_mmio.h","421","15","implementation-or-tests","inventory; see audit report for critical-path coverage"
"kernel/include/swypik/arch/x86_64/apic_router.h","557","19","implementation-or-tests","inventory; see audit report for critical-path coverage"
"kernel/include/swypik/arch/x86_64/apic.h","1222","37","implementation-or-tests","inventory; see audit report for critical-path coverage"
"kernel/include/swypik/arch/x86_64/context.h","710","33","implementation-or-tests","inventory; see audit report for critical-path coverage"
"kernel/include/swypik/arch/x86_64/continuation.h","708","24","implementation-or-tests","inventory; see audit report for critical-path coverage"
"kernel/include/swypik/arch/x86_64/driver_image.h","2684","70","implementation-or-tests","inventory; see audit report for critical-path coverage"
"kernel/include/swypik/arch/x86_64/driver_runtime.h","3461","72","implementation-or-tests","inventory; see audit report for critical-path coverage"
"kernel/include/swypik/arch/x86_64/extended_state.h","890","26","implementation-or-tests","inventory; see audit report for critical-path coverage"
"kernel/include/swypik/arch/x86_64/iommu.h","2897","64","implementation-or-tests","inventory; see audit report for critical-path coverage"
"kernel/include/swypik/arch/x86_64/irq.h","1605","34","implementation-or-tests","inventory; see audit report for critical-path coverage"
"kernel/include/swypik/arch/x86_64/kernel_root.h","2329","41","implementation-or-tests","inventory; see audit report for critical-path coverage"
"kernel/include/swypik/arch/x86_64/native_mmu.h","1095","29","implementation-or-tests","inventory; see audit report for critical-path coverage"
"kernel/include/swypik/arch/x86_64/pci_ecam_mmio.h","429","15","implementation-or-tests","inventory; see audit report for critical-path coverage"
"kernel/include/swypik/arch/x86_64/pci_ecam.h","1567","38","implementation-or-tests","inventory; see audit report for critical-path coverage"
"kernel/include/swypik/arch/x86_64/platform_boot.h","3374","74","implementation-or-tests","inventory; see audit report for critical-path coverage"
"kernel/include/swypik/arch/x86_64/platform_map.h","383","11","implementation-or-tests","inventory; see audit report for critical-path coverage"
"kernel/include/swypik/arch/x86_64/privilege.h","3368","90","implementation-or-tests","inventory; see audit report for critical-path coverage"
"kernel/include/swypik/arch/x86_64/scheduler.h","725","19","implementation-or-tests","inventory; see audit report for critical-path coverage"
"kernel/include/swypik/arch/x86_64/syscall.h","1295","37","implementation-or-tests","inventory; see audit report for critical-path coverage"
"kernel/include/swypik/arch/x86_64/timer.h","2193","50","implementation-or-tests","inventory; see audit report for critical-path coverage"
"kernel/include/swypik/arch/x86_64/trap.h","2143","68","implementation-or-tests","inventory; see audit report for critical-path coverage"
"kernel/include/swypik/arch/x86_64/user_mode.h","1460","35","implementation-or-tests","inventory; see audit report for critical-path coverage"
"kernel/include/swypik/arch/x86_64/vtd_mmio.h","399","16","implementation-or-tests","inventory; see audit report for critical-path coverage"
"kernel/include/swypik/arch/x86_64/vtd_router.h","2126","54","implementation-or-tests","inventory; see audit report for critical-path coverage"
"kernel/include/swypik/arch/x86_64/vtd.h","2494","69","implementation-or-tests","inventory; see audit report for critical-path coverage"
"kernel/include/swypik/boot/pe_image.h","449","13","implementation-or-tests","inventory; see audit report for critical-path coverage"
"kernel/include/swypik/boot/uefi_acpi.h","244","10","implementation-or-tests","inventory; see audit report for critical-path coverage"
"kernel/include/swypik/boot/uefi_bootstrap.h","1887","41","implementation-or-tests","inventory; see audit report for critical-path coverage"
"kernel/include/swypik/boot/uefi_handoff.h","1035","19","implementation-or-tests","inventory; see audit report for critical-path coverage"
"kernel/include/swypik/boot/uefi_memory.h","1001","29","implementation-or-tests","inventory; see audit report for critical-path coverage"
"kernel/include/swypik/boot/uefi_switch.h","439","13","implementation-or-tests","inventory; see audit report for critical-path coverage"
"kernel/include/swypik/boot/uefi_takeover.h","1543","39","implementation-or-tests","inventory; see audit report for critical-path coverage"
"kernel/include/swypik/firmware/acpi.h","3532","115","implementation-or-tests","inventory; see audit report for critical-path coverage"
"kernel/include/swypik/kernel/abi.h","704","35","implementation-or-tests","inventory; see audit report for critical-path coverage"
"kernel/include/swypik/kernel/capability.h","2470","76","implementation-or-tests","inventory; see audit report for critical-path coverage"
"kernel/include/swypik/kernel/contracts.h","4658","143","implementation-or-tests","inventory; see audit report for critical-path coverage"
"kernel/include/swypik/kernel/device_broker.h","6726","116","implementation-or-tests","inventory; see audit report for critical-path coverage"
"kernel/include/swypik/kernel/device_graph.h","3953","121","implementation-or-tests","inventory; see audit report for critical-path coverage"
"kernel/include/swypik/kernel/device_platform.h","3317","66","implementation-or-tests","inventory; see audit report for critical-path coverage"
"kernel/include/swypik/kernel/driver_domain.h","2545","53","implementation-or-tests","inventory; see audit report for critical-path coverage"
"kernel/include/swypik/kernel/ipc.h","1257","36","implementation-or-tests","inventory; see audit report for critical-path coverage"
"kernel/include/swypik/kernel/kernel_entry.h","818","17","implementation-or-tests","inventory; see audit report for critical-path coverage"
"kernel/include/swypik/kernel/kernel_runtime.h","5044","90","implementation-or-tests","inventory; see audit report for critical-path coverage"
"kernel/include/swypik/kernel/kernel_takeover.h","1757","42","implementation-or-tests","inventory; see audit report for critical-path coverage"
"kernel/include/swypik/kernel/scheduler.h","3359","73","implementation-or-tests","inventory; see audit report for critical-path coverage"
"kernel/include/swypik/uefi/uefi.h","5667","191","implementation-or-tests","inventory; see audit report for critical-path coverage"
"kernel/KERNEL_SEED.md","15886","237","implementation-or-tests","inventory; see audit report for critical-path coverage"
"kernel/README.md","1435","31","implementation-or-tests","inventory; see audit report for critical-path coverage"
"kernel/src/arch/contract_check.c","1357","32","implementation-or-tests","inventory; see audit report for critical-path coverage"
"kernel/src/arch/x86_64/address_space.c","25817","711","implementation-or-tests","inventory; see audit report for critical-path coverage"
"kernel/src/arch/x86_64/apic_mmio.c","2662","73","implementation-or-tests","inventory; see audit report for critical-path coverage"
"kernel/src/arch/x86_64/apic_router.c","5903","135","implementation-or-tests","inventory; see audit report for critical-path coverage"
"kernel/src/arch/x86_64/apic.c","8400","233","implementation-or-tests","inventory; see audit report for critical-path coverage"
"kernel/src/arch/x86_64/continuation.S","1236","56","implementation-or-tests","inventory; see audit report for critical-path coverage"
"kernel/src/arch/x86_64/driver_image.c","18879","418","implementation-or-tests","inventory; see audit report for critical-path coverage"
"kernel/src/arch/x86_64/driver_runtime.c","21276","499","implementation-or-tests","inventory; see audit report for critical-path coverage"
"kernel/src/arch/x86_64/extended_state.c","3761","118","implementation-or-tests","inventory; see audit report for critical-path coverage"
"kernel/src/arch/x86_64/iommu.c","12710","319","implementation-or-tests","inventory; see audit report for critical-path coverage"
"kernel/src/arch/x86_64/irq_entry.S","1469","86","implementation-or-tests","inventory; see audit report for critical-path coverage"
"kernel/src/arch/x86_64/irq.c","5630","135","implementation-or-tests","inventory; see audit report for critical-path coverage"
"kernel/src/arch/x86_64/kernel_root.c","23378","587","implementation-or-tests","inventory; see audit report for critical-path coverage"
"kernel/src/arch/x86_64/native_mmu.c","7804","215","implementation-or-tests","inventory; see audit report for critical-path coverage"
"kernel/src/arch/x86_64/pci_ecam_mmio.c","1921","57","implementation-or-tests","inventory; see audit report for critical-path coverage"
"kernel/src/arch/x86_64/pci_ecam.c","7433","178","implementation-or-tests","inventory; see audit report for critical-path coverage"
"kernel/src/arch/x86_64/platform_boot.c","19522","453","implementation-or-tests","inventory; see audit report for critical-path coverage"
"kernel/src/arch/x86_64/platform_map.c","2011","50","implementation-or-tests","inventory; see audit report for critical-path coverage"
"kernel/src/arch/x86_64/privilege_native.S","663","39","implementation-or-tests","inventory; see audit report for critical-path coverage"
"kernel/src/arch/x86_64/privilege.c","8160","207","implementation-or-tests","inventory; see audit report for critical-path coverage"
"kernel/src/arch/x86_64/scheduler.c","2243","49","implementation-or-tests","inventory; see audit report for critical-path coverage"
"kernel/src/arch/x86_64/syscall_entry.S","883","55","implementation-or-tests","inventory; see audit report for critical-path coverage"
"kernel/src/arch/x86_64/syscall.c","2621","63","implementation-or-tests","inventory; see audit report for critical-path coverage"
"kernel/src/arch/x86_64/timer_entry.S","818","51","implementation-or-tests","inventory; see audit report for critical-path coverage"
"kernel/src/arch/x86_64/timer.c","8002","181","implementation-or-tests","inventory; see audit report for critical-path coverage"
"kernel/src/arch/x86_64/trap_entry.S","2983","141","implementation-or-tests","inventory; see audit report for critical-path coverage"
"kernel/src/arch/x86_64/trap.c","4230","123","implementation-or-tests","inventory; see audit report for critical-path coverage"
"kernel/src/arch/x86_64/user_entry.S","1189","41","implementation-or-tests","inventory; see audit report for critical-path coverage"
"kernel/src/arch/x86_64/user_mode.c","5031","102","implementation-or-tests","inventory; see audit report for critical-path coverage"
"kernel/src/arch/x86_64/vtd_mmio.c","2414","65","implementation-or-tests","inventory; see audit report for critical-path coverage"
"kernel/src/arch/x86_64/vtd_router.c","23977","571","implementation-or-tests","inventory; see audit report for critical-path coverage"
"kernel/src/arch/x86_64/vtd.c","31843","870","implementation-or-tests","inventory; see audit report for critical-path coverage"
"kernel/src/boot/pe_image.c","6903","167","implementation-or-tests","inventory; see audit report for critical-path coverage"
"kernel/src/boot/uefi_acpi.c","4182","125","implementation-or-tests","inventory; see audit report for critical-path coverage"
"kernel/src/boot/uefi_bootstrap.c","11181","289","implementation-or-tests","inventory; see audit report for critical-path coverage"
"kernel/src/boot/uefi_handoff.c","3723","72","implementation-or-tests","inventory; see audit report for critical-path coverage"
"kernel/src/boot/uefi_memory.c","12016","294","implementation-or-tests","inventory; see audit report for critical-path coverage"
"kernel/src/boot/uefi_switch.S","708","31","implementation-or-tests","inventory; see audit report for critical-path coverage"
"kernel/src/boot/uefi_takeover.c","15207","343","implementation-or-tests","inventory; see audit report for critical-path coverage"
"kernel/src/boot/uefi_x86_64.c","10222","210","implementation-or-tests","inventory; see audit report for critical-path coverage"
"kernel/src/core/capability.c","5131","136","implementation-or-tests","inventory; see audit report for critical-path coverage"
"kernel/src/core/contracts.c","1342","38","implementation-or-tests","inventory; see audit report for critical-path coverage"
"kernel/src/core/device_broker.c","26429","611","implementation-or-tests","inventory; see audit report for critical-path coverage"
"kernel/src/core/device_graph.c","20588","532","implementation-or-tests","inventory; see audit report for critical-path coverage"
"kernel/src/core/device_platform.c","16968","359","implementation-or-tests","inventory; see audit report for critical-path coverage"
"kernel/src/core/driver_domain.c","13409","379","implementation-or-tests","inventory; see audit report for critical-path coverage"
"kernel/src/core/ipc.c","3487","91","implementation-or-tests","inventory; see audit report for critical-path coverage"
"kernel/src/core/kernel_entry.c","4244","77","implementation-or-tests","inventory; see audit report for critical-path coverage"
"kernel/src/core/kernel_runtime.c","39615","884","implementation-or-tests","inventory; see audit report for critical-path coverage"
"kernel/src/core/kernel_takeover.c","7412","178","implementation-or-tests","inventory; see audit report for critical-path coverage"
"kernel/src/core/runtime_mem.c","1314","53","implementation-or-tests","inventory; see audit report for critical-path coverage"
"kernel/src/core/scheduler.c","14700","367","implementation-or-tests","inventory; see audit report for critical-path coverage"
"kernel/src/firmware/acpi.c","23468","580","implementation-or-tests","inventory; see audit report for critical-path coverage"
"kernel/test-efi-zig.ps1","689","29","implementation-or-tests","inventory; see audit report for critical-path coverage"
"kernel/test-host.ps1","3759","109","implementation-or-tests","inventory; see audit report for critical-path coverage"
"kernel/tests/host_core_test.c","225232","4636","implementation-or-tests","inventory; see audit report for critical-path coverage"
"kernel/verify-efi.ps1","5715","141","implementation-or-tests","inventory; see audit report for critical-path coverage"
"mobile/bridge/bridge_test.go","734","30","implementation-or-tests","inventory; see audit report for critical-path coverage"
"mobile/bridge/bridge.go","1939","75","implementation-or-tests","inventory; see audit report for critical-path coverage"
"README.md","11682","214","documentation-or-build-contract","inventory; see audit report for critical-path coverage"
"scripts/benchmark-resources.ps1","14803","282","documentation-or-build-contract","inventory; see audit report for critical-path coverage"
"scripts/build-linux.ps1","1285","28","documentation-or-build-contract","inventory; see audit report for critical-path coverage"
"scripts/build-os.sh","4837","90","documentation-or-build-contract","inventory; see audit report for critical-path coverage"
"scripts/build-wsl.sh","4143","82","documentation-or-build-contract","inventory; see audit report for critical-path coverage"
"scripts/build.ps1","6068","107","documentation-or-build-contract","inventory; see audit report for critical-path coverage"
"scripts/smoke-os.py","4045","70","documentation-or-build-contract","inventory; see audit report for critical-path coverage"
"scripts/smoke-windows.ps1","8991","149","documentation-or-build-contract","inventory; see audit report for critical-path coverage"
"scripts/start-with-ilaria.ps1","3659","78","documentation-or-build-contract","inventory; see audit report for critical-path coverage"
"scripts/verify.ps1","1028","28","documentation-or-build-contract","inventory; see audit report for critical-path coverage"
"specs/compute-fabric.manifest.json","4521","217","documentation-or-build-contract","inventory; see audit report for critical-path coverage"
"specs/compute-fabric.swyp","2302","82","documentation-or-build-contract","inventory; see audit report for critical-path coverage"
"specs/control-kernel.manifest.json","6155","290","documentation-or-build-contract","inventory; see audit report for critical-path coverage"
"specs/control-kernel.swyp","2930","95","documentation-or-build-contract","inventory; see audit report for critical-path coverage"
"Start-SwypikOS.bat","276","10","documentation-or-build-contract","inventory; see audit report for critical-path coverage"
"ui/desktop/controller_test.go","9526","295","implementation-or-tests","inventory; see audit report for critical-path coverage"
"ui/desktop/controller.go","35688","1122","implementation-or-tests","inventory; see audit report for critical-path coverage"
"ui/engine/fonts_windows.go","1159","43","implementation-or-tests","inventory; see audit report for critical-path coverage"
"ui/engine/fonts/OFL.txt","4495","94","implementation-or-tests","inventory; see audit report for critical-path coverage"
"ui/engine/gdiplus_windows.go","12697","323","implementation-or-tests","inventory; see audit report for critical-path coverage"
"ui/engine/native_commands_windows.go","8447","299","implementation-or-tests","inventory; see audit report for critical-path coverage"
"ui/engine/native_runtime_windows_test.go","6028","188","implementation-or-tests","inventory; see audit report for critical-path coverage"
"ui/engine/native_runtime_windows.go","7526","235","implementation-or-tests","inventory; see audit report for critical-path coverage"
"ui/engine/native_window_windows.go","67798","1904","implementation-or-tests","inventory; see audit report for critical-path coverage"
"ui/engine/render_bench_windows_test.go","1554","48","implementation-or-tests","inventory; see audit report for critical-path coverage"
"ui/engine/svg_windows.go","10599","336","implementation-or-tests","inventory; see audit report for critical-path coverage"
"ui/theme/palette.go","2005","72","implementation-or-tests","inventory; see audit report for critical-path coverage"
"ui/views/apps.go","5841","229","implementation-or-tests","inventory; see audit report for critical-path coverage"
